league,season,club_id,placering,point,maalforskel
GB1,2008,985,1,90,44
GB1,2008,31,2,86,50
GB1,2008,631,3,83,44
GB1,2008,11,4,72,31
GB1,2008,29,5,63,18
GB1,2008,405,6,62,6
GB1,2008,931,7,53,5
GB1,2008,148,8,51,0
GB1,2008,379,9,51,-3
GB1,2008,281,10,50,8
GB1,2008,1071,11,45,-11
GB1,2008,512,12,45,-17
GB1,2008,355,13,41,-12
GB1,2008,1020,14,41,-19
GB1,2008,164,15,41,-20
GB1,2008,289,16,36,-20
GB1,2008,3008,17,35,-25
GB1,2008,762,18,34,-19
GB1,2008,641,19,32,-29
GB1,2008,984,20,32,-31
GB1,1992,985,1,84,36
GB1,1992,405,2,74,17
GB1,1992,1123,3,72,-4
GB1,1992,164,4,71,22
GB1,1992,1039,5,63,8
GB1,1992,31,6,59,7
GB1,1992,1035,7,59,4
GB1,1992,148,8,59,-6
GB1,1992,281,9,57,5
GB1,1992,11,10,56,2
GB1,1992,631,11,56,-3
GB1,1992,114309,12,54,1
GB1,1992,29,13,53,-2
GB1,1992,350,14,52,1
GB1,1992,990,15,52,-5
GB1,1992,677,16,52,-5
GB1,1992,399,17,51,-5
GB1,1992,180,18,50,-7
GB1,1992,1078,19,49,-11
GB1,1992,873,20,49,-13
GB1,1992,641,21,44,-21
GB1,1992,703,22,40,-21
GB1,1993,985,1,92,42
GB1,1993,164,2,84,27
GB1,1993,762,3,77,41
GB1,1993,11,4,71,25
GB1,1993,399,5,70,26
GB1,1993,114309,6,65,3
GB1,1993,1035,7,64,22
GB1,1993,31,8,60,4
GB1,1993,1039,9,60,1
GB1,1993,405,10,57,-4
GB1,1993,990,11,56,-2
GB1,1993,1123,12,53,4
GB1,1993,379,13,52,-11
GB1,1993,631,14,51,-4
GB1,1993,148,15,45,-5
GB1,1993,281,16,45,-11
GB1,1993,29,17,44,-21
GB1,1993,180,18,43,-17
GB1,1993,677,19,43,-23
GB1,1993,350,20,42,-18
GB1,1993,1078,21,40,-26
GB1,1993,352,22,30,-53
GB1,1994,164,1,89,41
GB1,1994,985,2,88,49
GB1,1994,703,3,77,29
GB1,1994,31,4,74,28
GB1,1994,399,5,73,21
GB1,1994,762,6,72,20
GB1,1994,148,7,62,8
GB1,1994,1039,8,60,2
GB1,1994,114309,9,56,-17
GB1,1994,180,10,54,-2
GB1,1994,631,11,54,-5
GB1,1994,11,12,51,3
GB1,1994,1035,13,51,-8
GB1,1994,379,14,50,-4
GB1,1994,29,15,50,-7
GB1,1994,990,16,50,-18
GB1,1994,281,17,49,-11
GB1,1994,405,18,48,-5
GB1,1994,873,19,45,-15
GB1,1994,1123,20,43,-17
GB1,1994,1003,21,29,-35
GB1,1994,677,22,27,-57
GB1,1995,985,1,82,38
GB1,1995,762,2,78,29
GB1,1995,31,3,71,36
GB1,1995,405,4,63,17
GB1,1995,11,5,63,17
GB1,1995,29,6,61,20
GB1,1995,164,7,61,14
GB1,1995,148,8,61,12
GB1,1995,703,9,58,-4
GB1,1995,379,10,51,-9
GB1,1995,631,11,50,2
GB1,1995,641,12,43,-15
GB1,1995,399,13,43,-17
GB1,1995,114309,14,41,-15
GB1,1995,1035,15,40,-13
GB1,1995,990,16,38,-18
GB1,1995,180,17,38,-18
GB1,1995,281,18,38,-25
GB1,1995,1039,19,33,-19
GB1,1995,355,20,29,-32
GB1,1996,985,1,75,32
GB1,1996,762,2,68,33
GB1,1996,11,3,68,30
GB1,1996,31,4,68,25
GB1,1996,405,5,61,13
GB1,1996,631,6,59,3
GB1,1996,1035,7,57,-1
GB1,1996,114309,8,56,3
GB1,1996,1003,9,47,-8
GB1,1996,148,10,46,-7
GB1,1996,399,11,46,-10
GB1,1996,22,12,46,-13
GB1,1996,164,13,42,-1
GB1,1996,379,14,42,-9
GB1,1996,29,15,42,-13
GB1,1996,180,16,41,-6
GB1,1996,990,17,41,-16
GB1,1996,289,18,40,-18
GB1,1996,641,19,39,-9
GB1,1996,703,20,34,-28
GB1,1997,11,1,78,35
GB1,1997,985,2,77,47
GB1,1997,31,3,65,26
GB1,1997,631,4,63,28
GB1,1997,399,5,59,11
GB1,1997,164,6,58,5
GB1,1997,405,7,57,1
GB1,1997,379,8,56,-1
GB1,1997,22,9,55,3
GB1,1997,1003,10,53,10
GB1,1997,990,11,52,2
GB1,1997,180,12,48,-5
GB1,1997,762,13,44,-9
GB1,1997,148,14,44,-12
GB1,1997,114309,15,44,-12
GB1,1997,1035,16,44,-15
GB1,1997,29,17,40,-15
GB1,1997,355,18,40,-20
GB1,1997,349,19,35,-45
GB1,1997,873,20,33,-34
GB1,1998,985,1,79,43
GB1,1998,11,2,78,42
GB1,1998,631,3,75,27
GB1,1998,399,4,67,28
GB1,1998,379,5,57,-7
GB1,1998,405,6,55,5
GB1,1998,31,7,54,19
GB1,1998,22,8,52,-5
GB1,1998,641,9,51,-6
GB1,1998,1003,10,49,-6
GB1,1998,148,11,47,-3
GB1,1998,1035,12,46,-1
GB1,1998,762,13,46,-6
GB1,1998,29,14,43,-5
GB1,1998,990,15,42,-12
GB1,1998,114309,16,42,-23
GB1,1998,180,17,41,-27
GB1,1998,358,18,36,-15
GB1,1998,164,19,35,-14
GB1,1998,703,20,30,-34
GB1,1999,985,1,91,52
GB1,1999,11,2,73,30
GB1,1999,399,3,69,15
GB1,1999,31,4,67,21
GB1,1999,631,5,65,19
GB1,1999,405,6,58,11
GB1,1999,289,7,58,1
GB1,1999,1003,8,55,0
GB1,1999,379,9,55,-1
GB1,1999,148,10,53,8
GB1,1999,762,11,52,9
GB1,1999,641,12,52,-6
GB1,1999,29,13,50,10
GB1,1999,990,14,44,-7
GB1,1999,180,15,44,-17
GB1,1999,22,16,38,-13
GB1,1999,1027,17,36,-30
GB1,1999,114309,18,33,-28
GB1,1999,1035,19,31,-32
GB1,1999,1010,20,24,-42
GB1,2000,985,1,80,48
GB1,2000,11,2,70,25
GB1,2000,31,3,69,32
GB1,2000,399,4,68,21
GB1,2000,677,5,66,15
GB1,2000,631,6,61,23
GB1,2000,289,7,57,5
GB1,2000,405,8,54,3
GB1,2000,358,9,52,-7
GB1,2000,180,10,52,-8
GB1,2000,762,11,51,-6
GB1,2000,148,12,49,-7
GB1,2000,1003,13,48,-12
GB1,2000,641,14,42,0
GB1,2000,379,15,42,-5
GB1,2000,29,16,42,-14
GB1,2000,22,17,42,-22
GB1,2000,281,18,34,-24
GB1,2000,990,19,34,-27
GB1,2000,1027,20,26,-40
GB1,2001,11,1,87,43
GB1,2001,31,2,80,37
GB1,2001,985,3,77,42
GB1,2001,762,4,71,22
GB1,2001,399,5,66,16
GB1,2001,631,6,64,28
GB1,2001,379,7,53,-9
GB1,2001,405,8,50,-1
GB1,2001,148,9,50,-4
GB1,2001,164,10,46,4
GB1,2001,180,11,45,-8
GB1,2001,641,12,45,-12
GB1,2001,931,13,44,-8
GB1,2001,358,14,44,-11
GB1,2001,29,15,43,-12
GB1,2001,355,16,40,-18
GB1,2001,289,17,40,-22
GB1,2001,677,18,36,-23
GB1,2001,22,19,30,-30
GB1,2001,1003,20,28,-34
GB1,2002,985,1,83,40
GB1,2002,11,2,78,43
GB1,2002,762,3,69,15
GB1,2002,631,4,67,30
GB1,2002,31,5,64,20
GB1,2002,164,6,60,9
GB1,2002,29,7,59,-1
GB1,2002,180,8,52,-3
GB1,2002,281,9,51,-7
GB1,2002,148,10,50,-11
GB1,2002,641,11,49,4
GB1,2002,358,12,49,-11
GB1,2002,337,13,48,-8
GB1,2002,931,14,48,-9
GB1,2002,399,15,47,1
GB1,2002,405,16,45,-5
GB1,2002,355,17,44,-10
GB1,2002,379,18,42,-17
GB1,2002,984,19,26,-36
GB1,2002,289,20,19,-44
GB1,2003,11,1,90,47
GB1,2003,631,2,79,37
GB1,2003,985,3,75,29
GB1,2003,31,4,60,18
GB1,2003,762,5,56,12
GB1,2003,405,6,56,4
GB1,2003,358,7,53,0
GB1,2003,355,8,53,-8
GB1,2003,931,9,52,6
GB1,2003,337,10,50,-5
GB1,2003,641,11,48,-8
GB1,2003,180,12,47,-1
GB1,2003,1020,13,45,-7
GB1,2003,148,14,45,-10
GB1,2003,164,15,44,-8
GB1,2003,281,16,41,1
GB1,2003,29,17,39,-12
GB1,2003,1003,18,33,-17
GB1,2003,399,19,33,-39
GB1,2003,543,20,33,-39
GB1,2004,631,1,95,57
GB1,2004,11,2,83,51
GB1,2004,985,3,77,32
GB1,2004,29,4,61,-1
GB1,2004,31,5,58,11
GB1,2004,355,6,58,5
GB1,2004,641,7,55,7
GB1,2004,281,8,52,8
GB1,2004,148,9,52,6
GB1,2004,405,10,47,-7
GB1,2004,358,11,46,-16
GB1,2004,337,12,45,-6
GB1,2004,931,13,44,-8
GB1,2004,762,14,44,-10
GB1,2004,164,15,42,-11
GB1,2004,1020,16,39,-16
GB1,2004,984,17,34,-25
GB1,2004,873,18,33,-21
GB1,2004,1123,19,33,-35
GB1,2004,180,20,32,-21
GB1,2005,631,1,91,50
GB1,2005,985,2,83,38
GB1,2005,31,3,82,32
GB1,2005,11,4,67,37
GB1,2005,148,5,65,15
GB1,2005,164,6,63,9
GB1,2005,762,7,58,5
GB1,2005,355,8,56,8
GB1,2005,379,9,55,-3
GB1,2005,1071,10,51,-7
GB1,2005,29,11,50,-15
GB1,2005,931,12,48,-10
GB1,2005,358,13,47,-14
GB1,2005,641,14,45,-10
GB1,2005,281,15,43,-5
GB1,2005,405,16,42,-13
GB1,2005,1020,17,38,-25
GB1,2005,337,18,34,-22
GB1,2005,984,19,30,-27
GB1,2005,289,20,15,-43
GB1,2006,985,1,89,56
GB1,2006,631,2,83,40
GB1,2006,31,3,68,30
GB1,2006,11,4,68,28
GB1,2006,148,5,60,3
GB1,2006,29,6,58,16
GB1,2006,355,7,56,-5
GB1,2006,1032,8,55,5
GB1,2006,1020,9,54,3
GB1,2006,164,10,52,-2
GB1,2006,405,11,50,2
GB1,2006,641,12,46,-5
GB1,2006,762,13,43,-9
GB1,2006,281,14,42,-15
GB1,2006,379,15,41,-24
GB1,2006,931,16,39,-22
GB1,2006,1071,17,38,-22
GB1,2006,350,18,38,-23
GB1,2006,358,19,34,-26
GB1,2006,1010,20,28,-30
GB1,2007,985,1,87,58
GB1,2007,631,2,85,39
GB1,2007,11,3,83,43
GB1,2007,31,4,76,39
GB1,2007,29,5,65,22
GB1,2007,405,6,60,20
GB1,2007,164,7,58,2
GB1,2007,1020,8,57,8
GB1,2007,281,9,55,-8
GB1,2007,379,10,49,-8
GB1,2007,148,11,46,5
GB1,2007,762,12,43,-20
GB1,2007,641,13,42,-10
GB1,2007,1071,14,40,-17
GB1,2007,289,15,39,-23
GB1,2007,355,16,37,-18
GB1,2007,931,17,36,-22
GB1,2007,1032,18,36,-25
GB1,2007,337,19,35,-16
GB1,2007,22,20,11,-69
GB1,2009,631,1,86,71
GB1,2009,985,2,85,58
GB1,2009,11,3,75,42
GB1,2009,148,4,70,26
GB1,2009,281,5,67,28
GB1,2009,405,6,64,13
GB1,2009,31,7,63,26
GB1,2009,29,8,61,11
GB1,2009,337,9,50,-9
GB1,2009,164,10,50,-14
GB1,2009,512,11,47,-14
GB1,2009,931,12,46,-7
GB1,2009,289,13,44,-8
GB1,2009,355,14,39,-25
GB1,2009,543,15,38,-24
GB1,2009,1071,16,36,-42
GB1,2009,379,17,35,-19
GB1,2009,1132,18,30,-40
GB1,2009,3008,19,30,-41
GB1,2009,1020,20,19,-32
GB1,2010,985,1,80,41
GB1,2010,631,2,71,36
GB1,2010,281,3,71,27
GB1,2010,11,4,68,29
GB1,2010,148,5,62,9
GB1,2010,31,6,58,15
GB1,2010,29,7,54,6
GB1,2010,931,8,49,6
GB1,2010,405,9,48,-11
GB1,2010,289,10,47,-11
GB1,2010,984,11,47,-15
GB1,2010,762,12,46,-1
GB1,2010,512,13,46,-2
GB1,2010,355,14,46,-4
GB1,2010,164,15,43,-13
GB1,2010,1071,16,42,-21
GB1,2010,543,17,40,-20
GB1,2010,337,18,39,-21
GB1,2010,1181,19,39,-23
GB1,2010,379,20,33,-27
GB1,2011,281,1,89,64
GB1,2011,985,2,89,56
GB1,2011,11,3,70,25
GB1,2011,148,4,69,25
GB1,2011,762,5,65,5
GB1,2011,631,6,64,19
GB1,2011,29,7,56,10
GB1,2011,31,8,52,7
GB1,2011,931,9,52,-3
GB1,2011,984,10,47,-7
GB1,2011,2288,11,47,-7
GB1,2011,1123,12,47,-14
GB1,2011,289,13,45,-1
GB1,2011,512,14,45,-17
GB1,2011,1071,15,43,-20
GB1,2011,405,16,38,-16
GB1,2011,1039,17,37,-23
GB1,2011,355,18,36,-31
GB1,2011,164,19,31,-30
GB1,2011,543,20,25,-42
GB1,2012,985,1,89,43
GB1,2012,281,2,78,32
GB1,2012,631,3,75,36
GB1,2012,11,4,73,35
GB1,2012,148,5,72,20
GB1,2012,29,6,63,15
GB1,2012,31,7,61,28
GB1,2012,984,8,49,-4
GB1,2012,2288,9,46,-4
GB1,2012,379,10,46,-8
GB1,2012,1123,11,44,-17
GB1,2012,931,12,43,-10
GB1,2012,512,13,42,-11
GB1,2012,180,14,41,-11
GB1,2012,405,15,41,-22
GB1,2012,762,16,41,-23
GB1,2012,289,17,39,-13
GB1,2012,1071,18,36,-26
GB1,2012,1032,19,28,-30
GB1,2012,1039,20,25,-30
GB1,2013,281,1,86,65
GB1,2013,31,2,84,51
GB1,2013,631,3,82,44
GB1,2013,11,4,79,27
GB1,2013,29,5,72,22
GB1,2013,148,6,69,4
GB1,2013,985,7,64,21
GB1,2013,180,8,56,8
GB1,2013,512,9,50,-7
GB1,2013,762,10,49,-16
GB1,2013,873,11,45,-15
GB1,2013,2288,12,42,0
GB1,2013,379,13,40,-11
GB1,2013,289,14,38,-19
GB1,2013,405,15,38,-22
GB1,2013,3008,16,37,-15
GB1,2013,984,17,36,-16
GB1,2013,1123,18,33,-34
GB1,2013,931,19,32,-45
GB1,2013,603,20,30,-42
GB1,2014,631,1,87,41
GB1,2014,281,2,79,45
GB1,2014,11,3,75,35
GB1,2014,985,4,70,25
GB1,2014,148,5,64,5
GB1,2014,31,6,62,4
GB1,2014,180,7,60,21
GB1,2014,2288,8,56,-3
GB1,2014,512,9,54,3
GB1,2014,873,10,48,-4
GB1,2014,29,11,47,-2
GB1,2014,379,12,47,-3
GB1,2014,984,13,44,-13
GB1,2014,1003,14,41,-9
GB1,2014,762,15,39,-23
GB1,2014,289,16,38,-22
GB1,2014,405,17,38,-26
GB1,2014,3008,18,35,-18
GB1,2014,1132,19,33,-25
GB1,2014,1039,20,30,-31
GB1,2015,1003,1,81,32
GB1,2015,11,2,71,29
GB1,2015,148,3,70,34
GB1,2015,281,4,66,30
GB1,2015,985,5,66,14
GB1,2015,180,6,63,18
GB1,2015,379,7,62,14
GB1,2015,31,8,60,13
GB1,2015,512,9,51,-14
GB1,2015,631,10,50,6
GB1,2015,29,11,47,4
GB1,2015,2288,12,47,-10
GB1,2015,1010,13,45,-10
GB1,2015,984,14,43,-14
GB1,2015,873,15,42,-12
GB1,2015,989,16,42,-22
GB1,2015,289,17,39,-14
GB1,2015,762,18,37,-21
GB1,2015,1123,19,34,-28
GB1,2015,405,20,17,-49
GB1,2016,631,1,93,52
GB1,2016,148,2,86,60
GB1,2016,281,3,78,41
GB1,2016,31,4,76,36
GB1,2016,11,5,75,33
GB1,2016,985,6,69,25
GB1,2016,29,7,61,18
GB1,2016,180,8,46,-7
GB1,2016,989,9,46,-12
GB1,2016,984,10,45,-8
GB1,2016,379,11,45,-17
GB1,2016,1003,12,44,-15
GB1,2016,512,13,44,-15
GB1,2016,873,14,41,-13
GB1,2016,2288,15,41,-25
GB1,2016,1132,16,40,-16
GB1,2016,1010,17,40,-28
GB1,2016,3008,18,34,-43
GB1,2016,641,19,28,-26
GB1,2016,289,20,24,-40
GB1,2017,281,1,100,79
GB1,2017,985,2,81,40
GB1,2017,148,3,77,38
GB1,2017,31,4,75,46
GB1,2017,631,5,70,24
GB1,2017,11,6,63,23
GB1,2017,1132,7,54,-3
GB1,2017,29,8,49,-14
GB1,2017,1003,9,47,-4
GB1,2017,762,10,44,-8
GB1,2017,873,11,44,-10
GB1,2017,989,12,44,-16
GB1,2017,379,13,42,-20
GB1,2017,1010,14,41,-20
GB1,2017,1237,15,40,-20
GB1,2017,1110,16,37,-30
GB1,2017,180,17,36,-19
GB1,2017,2288,18,33,-28
GB1,2017,512,19,33,-33
GB1,2017,984,20,31,-25
GB1,2018,281,1,98,72
GB1,2018,31,2,97,67
GB1,2018,631,3,72,24
GB1,2018,148,4,71,28
GB1,2018,11,5,70,22
GB1,2018,985,6,66,11
GB1,2018,543,7,57,1
GB1,2018,29,8,54,8
GB1,2018,1003,9,52,3
GB1,2018,379,10,52,-3
GB1,2018,1010,11,50,-7
GB1,2018,873,12,49,-2
GB1,2018,762,13,45,-6
GB1,2018,989,14,45,-14
GB1,2018,1132,15,40,-23
GB1,2018,180,16,39,-20
GB1,2018,1237,17,36,-25
GB1,2018,603,18,34,-35
GB1,2018,931,19,26,-47
GB1,2018,1110,20,16,-54
GB1,2019,31,1,99,52
GB1,2019,281,2,81,67
GB1,2019,985,3,66,30
GB1,2019,631,4,66,15
GB1,2019,1003,5,62,26
GB1,2019,148,6,59,14
GB1,2019,543,7,59,11
GB1,2019,11,8,56,8
GB1,2019,350,9,54,0
GB1,2019,1132,10,54,-7
GB1,2019,180,11,52,-9
GB1,2019,29,12,49,-12
GB1,2019,762,13,44,-20
GB1,2019,873,14,43,-19
GB1,2019,1237,15,41,-15
GB1,2019,379,16,39,-13
GB1,2019,405,17,35,-26
GB1,2019,989,18,34,-25
GB1,2019,1010,19,34,-28
GB1,2019,1123,20,21,-49
GB1,2020,281,1,86,51
GB1,2020,985,2,74,29
GB1,2020,31,3,69,26
GB1,2020,631,4,67,22
GB1,2020,1003,5,66,18
GB1,2020,379,6,65,15
GB1,2020,148,7,62,23
GB1,2020,11,8,61,16
GB1,2020,399,9,59,8
GB1,2020,29,10,59,-1
GB1,2020,405,11,55,9
GB1,2020,762,12,45,-16
GB1,2020,543,13,45,-16
GB1,2020,873,14,44,-25
GB1,2020,180,15,43,-21
GB1,2020,1237,16,41,-6
GB1,2020,1132,17,39,-22
GB1,2020,931,18,28,-26
GB1,2020,984,19,26,-41
GB1,2020,350,20,23,-43
GB1,2021,281,1,93,73
GB1,2021,31,2,92,68
GB1,2021,631,3,74,43
GB1,2021,148,4,71,29
GB1,2021,11,5,69,13
GB1,2021,985,6,58,0
GB1,2021,379,7,56,9
GB1,2021,1003,8,52,3
GB1,2021,1237,9,51,-2
GB1,2021,543,10,51,-5
GB1,2021,762,11,49,-18
GB1,2021,873,12,48,4
GB1,2021,1148,13,46,-8
GB1,2021,405,14,45,-2
GB1,2021,180,15,40,-24
GB1,2021,29,16,39,-23
GB1,2021,399,17,38,-37
GB1,2021,1132,18,35,-19
GB1,2021,1010,19,23,-43
GB1,2021,1123,20,22,-61
GB1,2022,281,1,89,61
GB1,2022,11,2,84,45
GB1,2022,985,3,75,15
GB1,2022,762,4,71,35
GB1,2022,31,5,67,28
GB1,2022,1237,6,62,19
GB1,2022,405,7,61,5
GB1,2022,148,8,60,7
GB1,2022,1148,9,59,12
GB1,2022,931,10,52,2
GB1,2022,873,11,45,-9
GB1,2022,631,12,44,-9
GB1,2022,543,13,41,-27
GB1,2022,379,14,40,-13
GB1,2022,989,15,39,-34
GB1,2022,703,16,38,-30
GB1,2022,29,17,36,-23
GB1,2022,1003,18,34,-17
GB1,2022,399,19,31,-30
GB1,2022,180,20,25,-37
GB1,2023,281,1,91,62
GB1,2023,11,2,89,62
GB1,2023,31,3,82,45
GB1,2023,405,4,68,15
GB1,2023,148,5,66,13
GB1,2023,631,6,63,14
GB1,2023,762,7,60,23
GB1,2023,985,8,60,-1
GB1,2023,379,9,52,-14
GB1,2023,873,10,49,-1
GB1,2023,1237,11,48,-7
GB1,2023,989,12,48,-13
GB1,2023,931,13,47,-6
GB1,2023,543,14,46,-15
GB1,2023,29,15,40,-11
GB1,2023,1148,16,39,-9
GB1,2023,703,17,32,-18
GB1,2023,1031,18,26,-33
GB1,2023,1132,19,24,-37
GB1,2023,350,20,16,-69
GB1,2024,31,1,84,45
GB1,2024,11,2,74,35
GB1,2024,281,3,71,28
GB1,2024,631,4,69,21
GB1,2024,762,5,66,21
GB1,2024,405,6,66,7
GB1,2024,703,7,65,12
GB1,2024,1237,8,61,7
GB1,2024,989,9,56,12
GB1,2024,1148,10,56,9
GB1,2024,931,11,54,0
GB1,2024,873,12,53,0
GB1,2024,29,13,48,-2
GB1,2024,379,14,43,-16
GB1,2024,985,15,42,-10
GB1,2024,543,16,42,-15
GB1,2024,148,17,38,-1
GB1,2024,1003,18,25,-47
GB1,2024,677,19,22,-46
GB1,2024,180,20,12,-60
GB1,2025,11,1,85,44
GB1,2025,281,2,78,42
GB1,2025,985,3,71,19
GB1,2025,405,4,65,7
GB1,2025,31,5,60,10
GB1,2025,989,6,57,4
GB1,2025,289,7,54,-6
GB1,2025,1237,8,53,6
GB1,2025,1148,9,53,3
GB1,2025,631,10,52,6
GB1,2025,931,11,52,-4
GB1,2025,762,12,49,-2
GB1,2025,29,13,49,-3
GB1,2025,399,14,47,-7
GB1,2025,873,15,45,-10
GB1,2025,703,16,44,-3
GB1,2025,148,17,41,-9
GB1,2025,379,18,39,-19
GB1,2025,1132,19,22,-37
GB1,2025,543,20,20,-41
