Klub,Transfermarkt-id,Ny ejer,Dato for kontrol (år-måned),Ejerandel,Ejertype,Amerikansk ejer eller kapitalfond,Første sæson med ny ejer,Regelperiode,Datering,Note,Kilde
AC Milan,5,Li Yonghong,2017-04,99.9%,"Privat, udenlandsk",Nej,2017/18,FFP og PSR (fra 2013),Sikker,,https://en.wikipedia.org/wiki/AC_Milan
AC Milan,5,Elliott Management,2018-07,99.9%,"Privat, udenlandsk",Ja,2018/19,FFP og PSR (fra 2013),Sikker,,https://en.wikipedia.org/wiki/AC_Milan
AC Milan,5,RedBird,2022-08,99.9%,"Privat, udenlandsk",Ja,2022/23,FFP og PSR (fra 2013),Sikker,,https://en.wikipedia.org/wiki/AC_Milan
Arsenal,11,Stan Kroenke,2011-04,>50%,"Privat, udenlandsk",Ja,2011/12,UEFA FFP (2011-12),Usikker,flertal april 2011,https://en.wikipedia.org/wiki/Arsenal_F.C.
Aston Villa,405,Randy Lerner,2006-09,>50%,"Privat, udenlandsk",Ja,2006/07,Før regler (til 2010),Sikker,,https://en.wikipedia.org/wiki/Aston_Villa_F.C.
Aston Villa,405,Tony Xia (Recon),2016-06,100%,"Privat, udenlandsk",Nej,2016/17,FFP og PSR (fra 2013),Usikker,,https://en.wikipedia.org/wiki/Aston_Villa_F.C.
Aston Villa,405,Sawiris & Edens (NSWE),2018-07,>50%,"Privat, udenlandsk",Nej,2018/19,FFP og PSR (fra 2013),Sikker,,https://en.wikipedia.org/wiki/Aston_Villa_F.C.
Birmingham,337,Carson Yeung,2009-10,>50%,"Privat, udenlandsk",Nej,2009/10,Før regler (til 2010),Sikker,,https://en.wikipedia.org/wiki/Birmingham_City_F.C.
Birmingham,337,Knighthead,2023-07,>50%,"Privat, udenlandsk",Ja,2023/24,FFP og PSR (fra 2013),Sikker,,https://en.wikipedia.org/wiki/Birmingham_City_F.C.
Blackburn,164,Jack Walker,1991-01,100%,"Privat, indenlandsk",Nej,1990/91,Før regler (til 2010),Sikker,Second Division ved overtagelsen,https://en.wikipedia.org/wiki/Jack_Walker
Blackburn,164,Venky's,2010-11,99.9%,"Privat, udenlandsk",Nej,2010/11,Før regler (til 2010),Sikker,,https://en.wikipedia.org/wiki/Blackburn_Rovers_F.C.
Bournemouth,989,Maxim Demin,2013-01,>50%,"Privat, udenlandsk",Nej,2012/13,UEFA FFP (2011-12),Usikker,50% fra nov 2011,https://www.sportbusiness.com/news/russian-businessman-regains-full-ownership-of-bournemouth/
Bournemouth,989,Bill Foley (Black Knight),2022-12,100%,"Privat, udenlandsk",Ja,2022/23,FFP og PSR (fra 2013),Sikker,,https://en.wikipedia.org/wiki/AFC_Bournemouth
Brentford,1148,Matthew Benham,2012-06,>50%,"Privat, indenlandsk",Nej,2012/13,UEFA FFP (2011-12),Sikker,League One,https://en.wikipedia.org/wiki/Brentford_F.C.
Brighton,1237,Tony Bloom,2009-05,>50%,"Privat, indenlandsk",Nej,2009/10,Før regler (til 2010),Sikker,League One,https://en.wikipedia.org/wiki/Brighton_%26_Hove_Albion_F.C.
Burnley,1132,ALK Capital,2020-12,>50%,"Privat, udenlandsk",Ja,2020/21,FFP og PSR (fra 2013),Sikker,,https://en.wikipedia.org/wiki/Burnley_F.C.
Chelsea,631,Roman Abramovich,2003-07,>50%,"Privat, udenlandsk",Nej,2003/04,Før regler (til 2010),Sikker,,https://www.chelseafc.com/en/the-story-of-chelsea-chapter-eight
Chelsea,631,Boehly/Clearlake,2022-05,>50%,"Privat, udenlandsk",Ja,2022/23,FFP og PSR (fra 2013),Sikker,,https://en.wikipedia.org/wiki/Chelsea_F.C.
Derby,22,GSE (Andy Appleby),2008-01,>50%,"Privat, udenlandsk",Ja,2007/08,Før regler (til 2010),Usikker,,https://en.wikipedia.org/wiki/Derby_County_F.C.
Espanyol,714,Rastar,2016-01,>50%,"Privat, udenlandsk",Nej,2015/16,FFP og PSR (fra 2013),Usikker,,https://en.wikipedia.org/wiki/RCD_Espanyol
Everton,29,Farhad Moshiri,2018-09,68.6%,"Privat, udenlandsk",Nej,2018/19,FFP og PSR (fra 2013),Usikker,49.9% fra feb 2016 (de facto kontrol),https://www.skysports.com/football/news/11495156/farhad-moshiri-becomes-evertons-majority-shareholder-after-increasing-shares
Everton,29,Friedkin Group,2024-12,>90%,"Privat, udenlandsk",Ja,2024/25,FFP og PSR (fra 2013),Sikker,post-periode delvis,https://en.wikipedia.org/wiki/Everton_F.C.
Fiorentina,430,Rocco Commisso,2019-06,100%,"Privat, udenlandsk",Ja,2019/20,FFP og PSR (fra 2013),Sikker,,https://en.wikipedia.org/wiki/ACF_Fiorentina
Fulham,931,Mohamed Al-Fayed,1997-05,>50%,"Privat, udenlandsk",Nej,1997/98,Før regler (til 2010),Sikker,tredje række ved overtagelsen,https://en.wikipedia.org/wiki/1997%E2%80%9398_Fulham_F.C._season
Fulham,931,Shahid Khan,2013-07,100%,"Privat, udenlandsk",Ja,2013/14,FFP og PSR (fra 2013),Sikker,,https://en.wikipedia.org/wiki/Fulham_F.C.
Hull,3008,Assem Allam,2010-12,>50%,"Privat, indenlandsk",Nej,2010/11,Før regler (til 2010),Usikker,,https://en.wikipedia.org/wiki/Hull_City_A.F.C.
Inter,46,Erick Thohir,2013-11,70%,"Privat, udenlandsk",Nej,2013/14,FFP og PSR (fra 2013),Sikker,,https://en.wikipedia.org/wiki/Inter_Milan
Inter,46,Suning,2016-06,68.6%,"Privat, udenlandsk",Nej,2016/17,FFP og PSR (fra 2013),Sikker,,https://en.wikipedia.org/wiki/Inter_Milan
Inter,46,Oaktree,2024-05,>90%,"Privat, udenlandsk",Ja,2024/25,FFP og PSR (fra 2013),Sikker,post-periode delvis,https://en.wikipedia.org/wiki/Inter_Milan
Ipswich,677,Gamechanger 20 (ORG),2021-04,>50%,"Privat, udenlandsk",Ja,2021/22,FFP og PSR (fra 2013),Sikker,,https://en.wikipedia.org/wiki/Ipswich_Town_F.C.
Leeds,399,Massimo Cellino,2014-04,75%,"Privat, udenlandsk",Nej,2013/14,FFP og PSR (fra 2013),Usikker,overtog i slutsæsonen 2013/14,https://en.wikipedia.org/wiki/Leeds_United_F.C.
Leeds,399,Andrea Radrizzani,2017-05,100%,"Privat, udenlandsk",Nej,2017/18,FFP og PSR (fra 2013),Sikker,,https://en.wikipedia.org/wiki/Leeds_United_F.C.
Leeds,399,49ers Enterprises,2023-07,100%,"Privat, udenlandsk",Ja,2023/24,FFP og PSR (fra 2013),Sikker,,https://en.wikipedia.org/wiki/Leeds_United_F.C.
Leicester,1003,King Power,2010-08,>50%,"Privat, udenlandsk",Nej,2010/11,Før regler (til 2010),Sikker,,https://en.wikipedia.org/wiki/Leicester_City_F.C.
Liverpool,31,Hicks & Gillett,2007-02,100%,"Privat, udenlandsk",Ja,2007/08,Før regler (til 2010),Sikker,,https://en.wikipedia.org/wiki/Liverpool_F.C.
Liverpool,31,Fenway Sports Group,2010-10,100%,"Privat, udenlandsk",Ja,2010/11,Før regler (til 2010),Sikker,,https://en.wikipedia.org/wiki/Liverpool_F.C.
Lyon,1041,John Textor (Eagle),2022-12,77.5%,"Privat, udenlandsk",Ja,2022/23,FFP og PSR (fra 2013),Sikker,,https://en.wikipedia.org/wiki/Olympique_Lyonnais
Manchester City,281,ADUG (Sheikh Mansour),2008-09,100%,Stat,Nej,2008/09,Før regler (til 2010),Sikker,Abu Dhabi; t-1 er Shinawatra-sæsonen,https://www.itv.com/news/granada/2026-09-25/who-is-manchester-citys-owner-sheikh-mansour
Manchester United,985,Glazer-familien,2005-05,>50%,"Privat, udenlandsk",Ja,2005/06,Før regler (til 2010),Sikker,gældsfinansieret opkøb,https://en.wikipedia.org/wiki/Manchester_United_F.C.
Marseille,244,Frank McCourt,2016-10,100%,"Privat, udenlandsk",Ja,2016/17,FFP og PSR (fra 2013),Sikker,,https://en.wikipedia.org/wiki/Olympique_de_Marseille
Middlesbrough,641,Steve Gibson,1993-06,ca. 90%,"Privat, indenlandsk",Nej,1993/94,Før regler (til 2010),Usikker,"købte S&N-aktierne 1993, formand 1994",https://en.wikipedia.org/wiki/Steve_Gibson_(businessman)
Monaco,162,Dmitrij Rybolovlev,2011-12,66.7%,"Privat, udenlandsk",Nej,2011/12,UEFA FFP (2011-12),Sikker,Ligue 2,https://en.wikipedia.org/wiki/AS_Monaco_FC
Málaga,1084,Abdullah Al Thani,2010-06,>50%,"Privat, udenlandsk",Nej,2010/11,Før regler (til 2010),Usikker,privatperson,https://en.wikipedia.org/wiki/M%C3%A1laga_CF
Newcastle,762,Sir John Hall,1991-11,>50%,"Privat, indenlandsk",Nej,1991/92,Før regler (til 2010),Usikker,kontrol ca. nov. 1991 til feb. 1992,https://en.wikipedia.org/wiki/1991%E2%80%9392_Newcastle_United_F.C._season
Newcastle,762,Mike Ashley,2007-05,>50%,"Privat, indenlandsk",Nej,2007/08,Før regler (til 2010),Sikker,,https://en.wikipedia.org/wiki/Newcastle_United_F.C.
Newcastle,762,PIF-konsortiet,2021-10,80%,Stat,Nej,2021/22,FFP og PSR (fra 2013),Sikker,Saudi-Arabien,https://www.aljazeera.com/news/2021/10/7/saudi-arabia-led-consortium-completes-newcastle-united-takeover
Nottingham Forest,703,Fawaz Al-Hasawi,2012-07,>50%,"Privat, udenlandsk",Nej,2012/13,UEFA FFP (2011-12),Usikker,,https://en.wikipedia.org/wiki/Nottingham_Forest_F.C.
Nottingham Forest,703,Evangelos Marinakis,2017-05,>50%,"Privat, udenlandsk",Nej,2017/18,FFP og PSR (fra 2013),Sikker,,https://en.wikipedia.org/wiki/Nottingham_Forest_F.C.
Paris Saint-Germain,583,QSI,2011-06,70% (100% 2012),Stat,Nej,2011/12,UEFA FFP (2011-12),Sikker,Qatar,https://www.tandfonline.com/doi/full/10.1080/14660970.2024.2446970
Portsmouth,1020,Alexandre Gaydamak,2006-01,>50% (100% medio 2006),"Privat, udenlandsk",Nej,2005/06,Før regler (til 2010),Usikker,,https://en.wikipedia.org/wiki/Portsmouth_F.C.
QPR,1039,Briatore & Ecclestone,2007-09,>50%,"Privat, udenlandsk",Nej,2007/08,Før regler (til 2010),Usikker,,https://en.wikipedia.org/wiki/Queens_Park_Rangers_F.C.
QPR,1039,Tony Fernandes,2011-08,66%,"Privat, udenlandsk",Nej,2011/12,UEFA FFP (2011-12),Sikker,,https://en.wikipedia.org/wiki/Queens_Park_Rangers_F.C.
Reading,1032,Dai Yongge,2017-05,>50%,"Privat, udenlandsk",Nej,2017/18,FFP og PSR (fra 2013),Sikker,,https://en.wikipedia.org/wiki/Reading_F.C.
Roma,12,Pallotta/DiBenedetto,2011-08,>50%,"Privat, udenlandsk",Ja,2011/12,UEFA FFP (2011-12),Usikker,,https://en.wikipedia.org/wiki/AS_Roma
Roma,12,Friedkin Group,2020-08,86.6%,"Privat, udenlandsk",Ja,2020/21,FFP og PSR (fra 2013),Sikker,,https://en.wikipedia.org/wiki/AS_Roma
Sheffield United,350,Prins Abdullah,2019-09,100%,"Privat, udenlandsk",Nej,2019/20,FFP og PSR (fra 2013),Usikker,fuld kontrol efter retssag,https://en.wikipedia.org/wiki/Sheffield_United_F.C.
Southampton,180,Markus Liebherr,2009-07,100%,"Privat, udenlandsk",Nej,2009/10,Før regler (til 2010),Sikker,League One,https://en.wikipedia.org/wiki/Southampton_F.C.
Southampton,180,Gao Jisheng,2017-08,80%,"Privat, udenlandsk",Nej,2017/18,FFP og PSR (fra 2013),Sikker,,https://en.wikipedia.org/wiki/Southampton_F.C.
Southampton,180,Sport Republic,2022-01,80%,"Privat, udenlandsk",Nej,2021/22,FFP og PSR (fra 2013),Sikker,,https://en.wikipedia.org/wiki/Southampton_F.C.
Stoke,512,Peter Coates,2006-05,>50%,"Privat, indenlandsk",Nej,2006/07,Før regler (til 2010),Usikker,,https://en.wikipedia.org/wiki/Stoke_City_F.C.
Sunderland,289,Ellis Short,2009-05,>50%,"Privat, udenlandsk",Ja,2009/10,Før regler (til 2010),Usikker,,https://en.wikipedia.org/wiki/Sunderland_A.F.C.
Sunderland,289,Stewart Donald,2018-05,>50%,"Privat, indenlandsk",Nej,2018/19,FFP og PSR (fra 2013),Sikker,,https://en.wikipedia.org/wiki/Sunderland_A.F.C.
Sunderland,289,Kyril Louis-Dreyfus,2022-06,51%,"Privat, udenlandsk",Nej,2022/23,FFP og PSR (fra 2013),Sikker,41% fra feb 2021,https://en.wikipedia.org/wiki/Kyril_Louis-Dreyfus
Swansea,2288,Levien & Kaplan,2016-07,>50%,"Privat, udenlandsk",Ja,2016/17,FFP og PSR (fra 2013),Sikker,,https://en.wikipedia.org/wiki/Swansea_City_A.F.C.
Valencia,1049,Peter Lim (Meriton),2014-10,70%,"Privat, udenlandsk",Nej,2014/15,FFP og PSR (fra 2013),Sikker,,https://en.wikipedia.org/wiki/Valencia_CF
Watford,1010,Pozzo-familien,2012-06,>50%,"Privat, udenlandsk",Nej,2012/13,UEFA FFP (2011-12),Sikker,,https://en.wikipedia.org/wiki/Watford_F.C.
West Bromwich,984,Guochuan Lai,2016-09,88%,"Privat, udenlandsk",Nej,2016/17,FFP og PSR (fra 2013),Sikker,,https://en.wikipedia.org/wiki/West_Bromwich_Albion_F.C.
West Ham,379,Björgólfur Guðmundsson,2006-11,>50%,"Privat, udenlandsk",Nej,2006/07,Før regler (til 2010),Usikker,,https://www.theguardian.com/football/2006/nov/29/sport.comment
Wolverhampton,543,Fosun,2016-07,100%,"Privat, udenlandsk",Nej,2016/17,FFP og PSR (fra 2013),Sikker,,https://en.wikipedia.org/wiki/Wolverhampton_Wanderers_F.C.
